{
  "test_clean": {
    "Accuracy": 0.9779474130619169,
    "Precision": 0.961038961038961,
    "Recall": 0.6312796208530805,
    "F1": 0.7620137299771167,
    "MCC": 0.7692499460123805
  },
  "test_perturbed": {
    "Accuracy": 0.8630725190839694,
    "Precision": 0.17433930093776642,
    "Recall": 0.3876777251184834,
    "F1": 0.24051749485445456,
    "MCC": 0.19420984032279928
  },
  "perturbation": "T1_1",
  "model": "LineVul"
}