{
  "test_clean": {
    "Accuracy": 0.9779474130619169,
    "Precision": 0.961038961038961,
    "Recall": 0.6312796208530805,
    "F1": 0.7620137299771167,
    "MCC": 0.7692499460123805
  },
  "test_perturbed": {
    "Accuracy": 0.5720949957591179,
    "Precision": 0.09217714750668371,
    "Recall": 0.7516587677725118,
    "F1": 0.16421619382895009,
    "MCC": 0.14445483637129156
  },
  "perturbation": "T1_2",
  "model": "LineVul"
}