{
  "test_clean": {
    "Accuracy": 0.9779474130619169,
    "Precision": 0.961038961038961,
    "Recall": 0.6312796208530805,
    "F1": 0.7620137299771167,
    "MCC": 0.7692499460123805
  },
  "test_perturbed": {
    "Accuracy": 0.9767811704834606,
    "Precision": 0.9738863287250384,
    "Recall": 0.6009478672985782,
    "F1": 0.7432590855803048,
    "MCC": 0.7552855134630565
  },
  "perturbation": "T2_1",
  "model": "LineVul"
}