{
  "test_clean": {
    "Accuracy": 0.9779474130619169,
    "Precision": 0.961038961038961,
    "Recall": 0.6312796208530805,
    "F1": 0.7620137299771167,
    "MCC": 0.7692499460123805
  },
  "test_perturbed": {
    "Accuracy": 0.9767281594571671,
    "Precision": 0.9412607449856734,
    "Recall": 0.6227488151658768,
    "F1": 0.7495721620079863,
    "MCC": 0.7552540197466696
  },
  "perturbation": "T2_2",
  "model": "LineVul"
}