{
  "test_clean": {
    "Accuracy": 0.9779474130619169,
    "Precision": 0.961038961038961,
    "Recall": 0.6312796208530805,
    "F1": 0.7620137299771167,
    "MCC": 0.7692499460123805
  },
  "test_perturbed": {
    "Accuracy": 0.9773112807463953,
    "Precision": 0.9472182596291013,
    "Recall": 0.6293838862559241,
    "F1": 0.7562642369020501,
    "MCC": 0.7620313438878843
  },
  "perturbation": "T3_1",
  "model": "LineVul"
}