{
  "test_clean": {
    "Accuracy": 0.9779474130619169,
    "Precision": 0.961038961038961,
    "Recall": 0.6312796208530805,
    "F1": 0.7620137299771167,
    "MCC": 0.7692499460123805
  },
  "test_perturbed": {
    "Accuracy": 0.6347010178117048,
    "Precision": 0.1055690727223574,
    "Recall": 0.7402843601895734,
    "F1": 0.18478646634331006,
    "MCC": 0.17353700791328158
  },
  "perturbation": "T3_2",
  "model": "LineVul"
}