{
  "test_clean": {
    "Accuracy": 0.9779474130619169,
    "Precision": 0.961038961038961,
    "Recall": 0.6312796208530805,
    "F1": 0.7620137299771167,
    "MCC": 0.7692499460123805
  },
  "test_perturbed": {
    "Accuracy": 0.7961195928753181,
    "Precision": 0.17417697875321037,
    "Recall": 0.7071090047393365,
    "F1": 0.2795054327463469,
    "MCC": 0.27891417938184215
  },
  "perturbation": "T3_3",
  "model": "LineVul"
}