{
  "test_clean": {
    "Accuracy": 0.9779474130619169,
    "Precision": 0.961038961038961,
    "Recall": 0.6312796208530805,
    "F1": 0.7620137299771167,
    "MCC": 0.7692499460123805
  },
  "test_perturbed": {
    "Accuracy": 0.9678753180661578,
    "Precision": 0.7831021437578815,
    "Recall": 0.5886255924170616,
    "F1": 0.672077922077922,
    "MCC": 0.6629374241039362
  },
  "perturbation": "T3_4",
  "model": "LineVul"
}