{
  "train_clean": {
    "Accuracy": 0.87985,
    "Precision": 0.9995267392333176,
    "Recall": 0.7252747252747253,
    "F1": 0.8405970149253731,
    "MCC": 0.7728479235666464
  },
  "train_perturbed": {
    "Accuracy": 0.6654,
    "Precision": 0.6723440134907251,
    "Recall": 0.4563873626373626,
    "F1": 0.5437065321150961,
    "MCC": 0.30830440569765466
  },
  "test_clean": {
    "Accuracy": 0.9779474130619169,
    "Precision": 0.961038961038961,
    "Recall": 0.6312796208530805,
    "F1": 0.7620137299771167,
    "MCC": 0.7692499460123805
  },
  "test_perturbed": {
    "Accuracy": 0.8060856658184903,
    "Precision": 0.13036069298494746,
    "Recall": 0.43507109004739336,
    "F1": 0.2006118881118881,
    "MCC": 0.15518057995540882
  },
  "perturbation": "type2",
  "model": "LineVul"
}