{
  "train_clean": {
    "Accuracy": 0.913,
    "Precision": 1.0,
    "Recall": 0.7918660287081339,
    "F1": 0.8838451268357811,
    "MCC": 0.8299927320697998
  },
  "train_perturbed": {
    "Accuracy": 0.519,
    "Precision": 0.423728813559322,
    "Recall": 0.41866028708133973,
    "F1": 0.42117930204572807,
    "MCC": 0.009742513822348085
  },
  "test_clean": {
    "Accuracy": 0.873,
    "Precision": 1.0,
    "Recall": 0.6997635933806147,
    "F1": 0.8233657858136301,
    "MCC": 0.7573162031189845
  },
  "test_perturbed": {
    "Accuracy": 0.485,
    "Precision": 0.3670520231213873,
    "Recall": 0.30023640661938533,
    "F1": 0.33029908972691807,
    "MCC": -0.08237121494202602
  },
  "perturbation": "type4",
  "model": "LineVul"
}