{
  "train_clean": {
    "Accuracy": 0.87985,
    "Precision": 0.9995267392333176,
    "Recall": 0.7252747252747253,
    "F1": 0.8405970149253731,
    "MCC": 0.7728479235666464
  },
  "train_perturbed": {
    "Accuracy": 0.68005,
    "Precision": 0.6810224632068165,
    "Recall": 0.5032051282051282,
    "F1": 0.578763741689158,
    "MCC": 0.33991598464701256
  },
  "test_clean": {
    "Accuracy": 0.9779474130619169,
    "Precision": 0.961038961038961,
    "Recall": 0.6312796208530805,
    "F1": 0.7620137299771167,
    "MCC": 0.7692499460123805
  },
  "test_perturbed": {
    "Accuracy": 0.797020780322307,
    "Precision": 0.13190021231422505,
    "Recall": 0.4710900473933649,
    "F1": 0.20609579100145137,
    "MCC": 0.16518662636095574
  },
  "perturbation": "type1",
  "model": "LineVul"
}