{
  "train_clean": {
    "Accuracy": 0.87985,
    "Precision": 0.9995267392333176,
    "Recall": 0.7252747252747253,
    "F1": 0.8405970149253731,
    "MCC": 0.7728479235666464
  },
  "train_perturbed": {
    "Accuracy": 0.6418,
    "Precision": 0.5812655086848635,
    "Recall": 0.6435439560439561,
    "F1": 0.6108213820078227,
    "MCC": 0.2818652666888978
  },
  "test_clean": {
    "Accuracy": 0.9779474130619169,
    "Precision": 0.961038961038961,
    "Recall": 0.6312796208530805,
    "F1": 0.7620137299771167,
    "MCC": 0.7692499460123805
  },
  "test_perturbed": {
    "Accuracy": 0.6372985581000848,
    "Precision": 0.09457755359394704,
    "Recall": 0.6398104265402843,
    "F1": 0.164794921875,
    "MCC": 0.13122362239645832
  },
  "perturbation": "type3",
  "model": "LineVul"
}