{
  "test_clean": {
    "Accuracy": 0.6475109809663251,
    "Precision": 0.6483739837398373,
    "Recall": 0.5083665338645418,
    "F1": 0.5698972755694507,
    "MCC": 0.28455446329716094
  },
  "test_perturbed": {
    "Accuracy": 0.6482430453879942,
    "Precision": 0.6496945010183299,
    "Recall": 0.5083665338645418,
    "F1": 0.5704067948144836,
    "MCC": 0.2860876003637554
  },
  "perturbation": "T1_2",
  "model": "VulBERTa-MLP"
}