{
  "test_clean": {
    "Accuracy": 0.6475109809663251,
    "Precision": 0.6483739837398373,
    "Recall": 0.5083665338645418,
    "F1": 0.5698972755694507,
    "MCC": 0.28455446329716094
  },
  "test_perturbed": {
    "Accuracy": 0.6222547584187409,
    "Precision": 0.6041083099906629,
    "Recall": 0.5155378486055777,
    "F1": 0.5563198624247635,
    "MCC": 0.2332172805790381
  },
  "perturbation": "T2_1",
  "model": "VulBERTa-MLP"
}