{
  "test_clean": {
    "Accuracy": 0.6475109809663251,
    "Precision": 0.6483739837398373,
    "Recall": 0.5083665338645418,
    "F1": 0.5698972755694507,
    "MCC": 0.28455446329716094
  },
  "test_perturbed": {
    "Accuracy": 0.6460468521229868,
    "Precision": 0.6484536082474227,
    "Recall": 0.501195219123506,
    "F1": 0.5653932584269663,
    "MCC": 0.28151685726759723
  },
  "perturbation": "T3_1",
  "model": "VulBERTa-MLP"
}