{
  "test_clean": {
    "Accuracy": 0.6475109809663251,
    "Precision": 0.6483739837398373,
    "Recall": 0.5083665338645418,
    "F1": 0.5698972755694507,
    "MCC": 0.28455446329716094
  },
  "test_perturbed": {
    "Accuracy": 0.571376281112738,
    "Precision": 0.6926605504587156,
    "Recall": 0.12031872509960159,
    "F1": 0.20502376103190767,
    "MCC": 0.13785120031205536
  },
  "perturbation": "T3_2",
  "model": "VulBERTa-MLP"
}