{
  "test_clean": {
    "Accuracy": 0.6475109809663251,
    "Precision": 0.6483739837398373,
    "Recall": 0.5083665338645418,
    "F1": 0.5698972755694507,
    "MCC": 0.28455446329716094
  },
  "test_perturbed": {
    "Accuracy": 0.5984626647144948,
    "Precision": 0.6312292358803987,
    "Recall": 0.30278884462151395,
    "F1": 0.40926225094238017,
    "MCC": 0.18333645597986445
  },
  "perturbation": "T3_3",
  "model": "VulBERTa-MLP"
}