{
  "test_clean": {
    "Accuracy": 0.6475109809663251,
    "Precision": 0.6483739837398373,
    "Recall": 0.5083665338645418,
    "F1": 0.5698972755694507,
    "MCC": 0.28455446329716094
  },
  "test_perturbed": {
    "Accuracy": 0.5823572474377745,
    "Precision": 0.5616883116883117,
    "Recall": 0.41354581673306773,
    "F1": 0.47636530518586506,
    "MCC": 0.14677663274646102
  },
  "perturbation": "T3_4",
  "model": "VulBERTa-MLP"
}