{
  "train_clean": {
    "Accuracy": 0.8317012903816235,
    "Precision": 0.8835914811229428,
    "Recall": 0.7288880015971252,
    "F1": 0.7988185100098457,
    "MCC": 0.6654294532110941
  },
  "train_perturbed": {
    "Accuracy": 0.7162533174704859,
    "Precision": 0.7165550890729604,
    "Recall": 0.6303653423837093,
    "F1": 0.6707025649195476,
    "MCC": 0.42590755604508995
  },
  "test_clean": {
    "Accuracy": 0.6475109809663251,
    "Precision": 0.6483739837398373,
    "Recall": 0.5083665338645418,
    "F1": 0.5698972755694507,
    "MCC": 0.28455446329716094
  },
  "test_perturbed": {
    "Accuracy": 0.6174963396778916,
    "Precision": 0.5968634686346863,
    "Recall": 0.5155378486055777,
    "F1": 0.5532278751603249,
    "MCC": 0.22376149192945527
  },
  "perturbation": "type2",
  "model": "VulBERTa-MLP"
}