{
  "train_clean": {
    "Accuracy": 0.8317012903816235,
    "Precision": 0.8835914811229428,
    "Recall": 0.7288880015971252,
    "F1": 0.7988185100098457,
    "MCC": 0.6654294532110941
  },
  "train_perturbed": {
    "Accuracy": 0.8313809828864281,
    "Precision": 0.8837716640407224,
    "Recall": 0.7278897983629466,
    "F1": 0.7982921889539657,
    "MCC": 0.6648697014635034
  },
  "test_clean": {
    "Accuracy": 0.6475109809663251,
    "Precision": 0.6483739837398373,
    "Recall": 0.5083665338645418,
    "F1": 0.5698972755694507,
    "MCC": 0.28455446329716094
  },
  "test_perturbed": {
    "Accuracy": 0.6486090775988287,
    "Precision": 0.6503567787971458,
    "Recall": 0.5083665338645418,
    "F1": 0.5706618962432916,
    "MCC": 0.28685495329631083
  },
  "perturbation": "type1",
  "model": "VulBERTa-MLP"
}