{
  "train_clean": {
    "Accuracy": 0.8317012903816235,
    "Precision": 0.8835914811229428,
    "Recall": 0.7288880015971252,
    "F1": 0.7988185100098457,
    "MCC": 0.6654294532110941
  },
  "train_perturbed": {
    "Accuracy": 0.5825935755468107,
    "Precision": 0.6887110362257792,
    "Recall": 0.16320622878818128,
    "F1": 0.26387992253066495,
    "MCC": 0.16135694791073596
  },
  "test_clean": {
    "Accuracy": 0.6475109809663251,
    "Precision": 0.6483739837398373,
    "Recall": 0.5083665338645418,
    "F1": 0.5698972755694507,
    "MCC": 0.28455446329716094
  },
  "test_perturbed": {
    "Accuracy": 0.5578330893118595,
    "Precision": 0.5802047781569966,
    "Recall": 0.13545816733067728,
    "F1": 0.21963824289405684,
    "MCC": 0.08404016908099617
  },
  "perturbation": "type3",
  "model": "VulBERTa-MLP"
}