{
  "train_clean": {
    "Accuracy": 0.845,
    "Precision": 0.8900255754475703,
    "Recall": 0.7565217391304347,
    "F1": 0.81786133960047,
    "MCC": 0.6913504061464226
  },
  "train_perturbed": {
    "Accuracy": 0.568,
    "Precision": 0.6521739130434783,
    "Recall": 0.13043478260869565,
    "F1": 0.21739130434782608,
    "MCC": 0.12273533914340273
  },
  "test_clean": {
    "Accuracy": 0.657,
    "Precision": 0.6943699731903485,
    "Recall": 0.5307377049180327,
    "F1": 0.6016260162601627,
    "MCC": 0.31843607465134793
  },
  "test_perturbed": {
    "Accuracy": 0.508,
    "Precision": 0.47297297297297297,
    "Recall": 0.07172131147540983,
    "F1": 0.12455516014234876,
    "MCC": -0.008498426888448953
  },
  "perturbation": "type4",
  "model": "VulBERTa-MLP"
}