{
  "test_clean": {
    "Accuracy": 0.991518235793045,
    "Precision": 0.9426310583580614,
    "Recall": 0.9033175355450237,
    "F1": 0.9225556631171346,
    "MCC": 0.9183043516533074
  },
  "test_perturbed": {
    "Accuracy": 0.9912531806615776,
    "Precision": 0.9522357723577236,
    "Recall": 0.8881516587677725,
    "F1": 0.9190779794016675,
    "MCC": 0.9150807256245375
  },
  "perturbation": "transformations/T3_1",
  "model": "StagedVulBERT"
}