{
  "train_clean": {
    "Accuracy": 0.999,
    "Precision": 1.0,
    "Recall": 0.9976076555023924,
    "F1": 0.9988023952095808,
    "MCC": 0.9979461373957215
  },
  "train_perturbed": {
    "Accuracy": 0.437,
    "Precision": 0.4152046783625731,
    "Recall": 0.8492822966507177,
    "F1": 0.5577376276512176,
    "MCC": -0.013761989091150983
  },
  "test_clean": {
    "Accuracy": 0.968,
    "Precision": 0.9974554707379135,
    "Recall": 0.9267139479905437,
    "F1": 0.9607843137254902,
    "MCC": 0.9356215345694402
  },
  "test_perturbed": {
    "Accuracy": 0.436,
    "Precision": 0.420158550396376,
    "Recall": 0.8770685579196218,
    "F1": 0.5681470137825421,
    "MCC": -0.015800443904669628
  },
  "perturbation": "type4",
  "model": "StagedVulBERT"
}