{
  "train_clean": {
    "Accuracy": 0.99725,
    "Precision": 0.9995396478305903,
    "Recall": 0.9941620879120879,
    "F1": 0.9968436154949785,
    "MCC": 0.9944186802171702
  },
  "train_perturbed": {
    "Accuracy": 0.79015,
    "Precision": 0.8207773851590106,
    "Recall": 0.6647206959706959,
    "F1": 0.734551894250838,
    "MCC": 0.57277091298322
  },
  "test_clean": {
    "Accuracy": 0.991518235793045,
    "Precision": 0.9426310583580614,
    "Recall": 0.9033175355450237,
    "F1": 0.9225556631171346,
    "MCC": 0.9183043516533074
  },
  "test_perturbed": {
    "Accuracy": 0.8683736217133163,
    "Precision": 0.23672566371681417,
    "Recall": 0.6085308056872037,
    "F1": 0.34085479161136184,
    "MCC": 0.3224152527146081
  },
  "perturbation": "type1",
  "model": "StagedVulBERT"
}