{
  "train_clean": {
    "Accuracy": 0.99725,
    "Precision": 0.9995396478305903,
    "Recall": 0.9941620879120879,
    "F1": 0.9968436154949785,
    "MCC": 0.9944186802171702
  },
  "train_perturbed": {
    "Accuracy": 0.4871,
    "Precision": 0.45812238608848777,
    "Recall": 0.9529532967032966,
    "F1": 0.6187750854764382,
    "MCC": 0.13554279390821897
  },
  "test_clean": {
    "Accuracy": 0.991518235793045,
    "Precision": 0.9426310583580614,
    "Recall": 0.9033175355450237,
    "F1": 0.9225556631171346,
    "MCC": 0.9183043516533074
  },
  "test_perturbed": {
    "Accuracy": 0.16820398642917728,
    "Precision": 0.06011060351045924,
    "Recall": 0.9478672985781991,
    "F1": 0.11305183426601097,
    "MCC": 0.0497557521136246
  },
  "perturbation": "type3",
  "model": "StagedVulBERT"
}