{
  "train_clean": {
    "Accuracy": 0.99725,
    "Precision": 0.9995396478305903,
    "Recall": 0.9941620879120879,
    "F1": 0.9968436154949785,
    "MCC": 0.9944186802171702
  },
  "train_perturbed": {
    "Accuracy": 0.78525,
    "Precision": 0.8027266530334015,
    "Recall": 0.673992673992674,
    "F1": 0.7327484288469914,
    "MCC": 0.561460059683638
  },
  "test_clean": {
    "Accuracy": 0.991518235793045,
    "Precision": 0.9426310583580614,
    "Recall": 0.9033175355450237,
    "F1": 0.9225556631171346,
    "MCC": 0.9183043516533074
  },
  "test_perturbed": {
    "Accuracy": 0.855226887192536,
    "Precision": 0.22159468438538207,
    "Recall": 0.6322274881516587,
    "F1": 0.3281672816728167,
    "MCC": 0.31415239613687956
  },
  "perturbation": "type2",
  "model": "StagedVulBERT"
}