{
  "train_clean": {
    "Accuracy": 0.7728562276928709,
    "Precision": 0.85722363584959,
    "Recall": 0.6053104412058296,
    "F1": 0.7095717294640768,
    "MCC": 0.5537424879290468
  },
  "train_perturbed": {
    "Accuracy": "N/A (skipped for transformations)",
    "Precision": "N/A (skipped for transformations)",
    "Recall": "N/A (skipped for transformations)",
    "F1": "N/A (skipped for transformations)",
    "MCC": "N/A (skipped for transformations)"
  },
  "test_clean": {
    "Accuracy": 0.6559297218155198,
    "Precision": 0.6868327402135231,
    "Recall": 0.4613545816733068,
    "F1": 0.551954242135367,
    "MCC": 0.3049129353291154
  },
  "test_perturbed": {
    "Accuracy": 0.6636163982430454,
    "Precision": 0.7019230769230769,
    "Recall": 0.4653386454183267,
    "F1": 0.5596550071873503,
    "MCC": 0.3220768241091932
  },
  "perturbation": "T3_1",
  "model": "model.tar.gz"
}