{
  "train_clean": {
    "Accuracy": 0.7728562276928709,
    "Precision": 0.85722363584959,
    "Recall": 0.6053104412058296,
    "F1": 0.7095717294640768,
    "MCC": 0.5537424879290468
  },
  "train_perturbed": {
    "Accuracy": "N/A (skipped for transformations)",
    "Precision": "N/A (skipped for transformations)",
    "Recall": "N/A (skipped for transformations)",
    "F1": "N/A (skipped for transformations)",
    "MCC": "N/A (skipped for transformations)"
  },
  "test_clean": {
    "Accuracy": 0.6559297218155198,
    "Precision": 0.6868327402135231,
    "Recall": 0.4613545816733068,
    "F1": 0.551954242135367,
    "MCC": 0.3049129353291154
  },
  "test_perturbed": {
    "Accuracy": 0.4835285505124451,
    "Precision": 0.47022900763358777,
    "Recall": 0.9816733067729083,
    "F1": 0.6358709677419355,
    "MCC": 0.10538611033064772
  },
  "perturbation": "T3_2",
  "model": "model.tar.gz"
}