{
  "train_clean": {
    "Accuracy": 0.7728562276928709,
    "Precision": 0.85722363584959,
    "Recall": 0.6053104412058296,
    "F1": 0.7095717294640768,
    "MCC": 0.5537424879290468
  },
  "train_perturbed": {
    "Accuracy": 0.5816784112748238,
    "Precision": 0.534433962264151,
    "Recall": 0.6785785585945299,
    "F1": 0.5979417714838596,
    "MCC": 0.18006345711986507
  },
  "test_clean": {
    "Accuracy": 0.6559297218155198,
    "Precision": 0.6868327402135231,
    "Recall": 0.4613545816733068,
    "F1": 0.551954242135367,
    "MCC": 0.3049129353291154
  },
  "test_perturbed": {
    "Accuracy": 0.5629575402635432,
    "Precision": 0.5197666882696047,
    "Recall": 0.6390438247011953,
    "F1": 0.5732666190135811,
    "MCC": 0.13806089759989212
  },
  "perturbation": "type2",
  "model": "model.tar.gz"
}