{
  "train_clean": {
    "Accuracy": 0.7728562276928709,
    "Precision": 0.85722363584959,
    "Recall": 0.6053104412058296,
    "F1": 0.7095717294640768,
    "MCC": 0.5537424879290468
  },
  "train_perturbed": {
    "Accuracy": 0.46229523199414296,
    "Precision": 0.45973700106872356,
    "Recall": 0.9876222798961869,
    "F1": 0.6274136783030534,
    "MCC": 0.021478106131408107
  },
  "test_clean": {
    "Accuracy": 0.6559297218155198,
    "Precision": 0.6868327402135231,
    "Recall": 0.4613545816733068,
    "F1": 0.551954242135367,
    "MCC": 0.3049129353291154
  },
  "test_perturbed": {
    "Accuracy": 0.46010248901903367,
    "Precision": 0.45919881305637983,
    "Recall": 0.9864541832669322,
    "F1": 0.6266767906859023,
    "MCC": -0.002980051497463905
  },
  "perturbation": "type3",
  "model": "model.tar.gz"
}