{
  "train_clean": {
    "Accuracy": 0.785,
    "Precision": 0.8840125391849529,
    "Recall": 0.6130434782608696,
    "F1": 0.72400513478819,
    "MCC": 0.5822703688346311
  },
  "train_perturbed": {
    "Accuracy": 0.459,
    "Precision": 0.459214501510574,
    "Recall": 0.991304347826087,
    "F1": 0.6276668960770819,
    "MCC": -0.01877133510120243
  },
  "test_clean": {
    "Accuracy": 0.656,
    "Precision": 0.7352941176470589,
    "Recall": 0.4610655737704918,
    "F1": 0.5667506297229219,
    "MCC": 0.3285109669172526
  },
  "test_perturbed": {
    "Accuracy": 0.488,
    "Precision": 0.4879032258064516,
    "Recall": 0.9918032786885246,
    "F1": 0.654054054054054,
    "MCC": -0.0021558846085231592
  },
  "perturbation": "type4",
  "model": "model.tar.gz"
}