{
  "train_clean": {
    "Accuracy": 0.7728562276928709,
    "Precision": 0.85722363584959,
    "Recall": 0.6053104412058296,
    "F1": 0.7095717294640768,
    "MCC": 0.5537424879290468
  },
  "train_perturbed": {
    "Accuracy": 0.6095909215704219,
    "Precision": 0.5555888074218166,
    "Recall": 0.7412657217009383,
    "F1": 0.6351351351351351,
    "MCC": 0.24475208298135356
  },
  "test_clean": {
    "Accuracy": 0.6559297218155198,
    "Precision": 0.6868327402135231,
    "Recall": 0.4613545816733068,
    "F1": 0.551954242135367,
    "MCC": 0.3049129353291154
  },
  "test_perturbed": {
    "Accuracy": 0.5614934114202049,
    "Precision": 0.5173886516168396,
    "Recall": 0.6756972111553785,
    "F1": 0.5860400829302004,
    "MCC": 0.14256484075503786
  },
  "perturbation": "type1",
  "model": "model.tar.gz"
}